Type,Precision (P),Recall (R),Residual Recall (R+),F1,"# of TP","# of FP","# of FN","# of Correspondences",Time,Time (HH:MM:SS)
ALL,0.7885756676557863,0.7011873350923483,0.024830699774266364,0.74231843575419,1063,285,453,1348,24353192241,00:00:24,0.5,SYNONYMY,alod_emb
CLASSES,0.7897473997028231,0.7011873350923483,0.024830699774266364,0.742837176799441,1063,283,453,1346,-,-,0.5,SYNONYMY,alod_emb
PROPERTIES,0.0,0.0,0.0,0.0,0,2,0,2,-,-,0.5,SYNONYMY,alod_emb
INSTANCES,0.0,0.0,0.0,0.0,0,0,0,0,-,-,0.5,SYNONYMY,alod_emb
