Type,Precision (P),Recall (R),Residual Recall (R+),F1,"# of TP","# of FP","# of FN","# of Correspondences",Time,Time (HH:MM:SS)
ALL,0.28205128205128205,0.6470588235294118,0.25,0.3928571428571429,11,28,6,39,181394587,00:00:00,0.5,SYNONYMY,alod_emb
CLASSES,0.36,0.6428571428571429,0.2857142857142857,0.4615384615384615,9,16,5,25,-,-,0.5,SYNONYMY,alod_emb
PROPERTIES,0.14285714285714285,0.6666666666666666,0.0,0.23529411764705882,2,12,1,14,-,-,0.5,SYNONYMY,alod_emb
INSTANCES,0.0,0.0,0.0,0.0,0,0,0,0,-,-,0.5,SYNONYMY,alod_emb
