Type,Precision (P),Recall (R),Residual Recall (R+),F1,"# of TP","# of FP","# of FN","# of Correspondences",Time,Time (HH:MM:SS)
ALL,0.32432432432432434,0.631578947368421,0.125,0.42857142857142855,12,25,7,37,112926222,00:00:00,0.5,SYNONYMY,alod_emb
CLASSES,0.45,0.6428571428571429,0.0,0.5294117647058824,9,11,5,20,-,-,0.5,SYNONYMY,alod_emb
PROPERTIES,0.17647058823529413,0.6,0.3333333333333333,0.2727272727272727,3,14,2,17,-,-,0.5,SYNONYMY,alod_emb
INSTANCES,0.0,0.0,0.0,0.0,0,0,0,0,-,-,0.5,SYNONYMY,alod_emb
