Type,Precision (P),Recall (R),Residual Recall (R+),F1,"# of TP","# of FP","# of FN","# of Correspondences",Time,Time (HH:MM:SS)
ALL,0.07954545454545454,0.5,0.3,0.1372549019607843,7,81,7,88,20661735289,00:00:20,0.5,SYNONYMY,wikidata_emb
CLASSES,0.10344827586206896,0.46153846153846156,0.2222222222222222,0.16901408450704225,6,52,7,58,-,-,0.5,SYNONYMY,wikidata_emb
PROPERTIES,0.03333333333333333,1.0,1.0,0.06451612903225806,1,29,0,30,-,-,0.5,SYNONYMY,wikidata_emb
INSTANCES,0.0,0.0,0.0,0.0,0,0,0,0,-,-,0.5,SYNONYMY,wikidata_emb
