Type,Precision (P),Recall (R),Residual Recall (R+),F1,"# of TP","# of FP","# of FN","# of Correspondences",Time,Time (HH:MM:SS)
ALL,0.10989010989010989,0.5882352941176471,0.125,0.1851851851851852,10,81,7,91,10056347690,00:00:10,0.5,SYNONYMY,wikidata_emb
CLASSES,0.14814814814814814,0.5714285714285714,0.14285714285714285,0.23529411764705882,8,46,6,54,-,-,0.5,SYNONYMY,wikidata_emb
PROPERTIES,0.05405405405405406,0.6666666666666666,0.0,0.1,2,35,1,37,-,-,0.5,SYNONYMY,wikidata_emb
INSTANCES,0.0,0.0,0.0,0.0,0,0,0,0,-,-,0.5,SYNONYMY,wikidata_emb
