Type,Precision (P),Recall (R),Residual Recall (R+),F1,"# of TP","# of FP","# of FN","# of Correspondences",Time,Time (HH:MM:SS)
ALL,0.6440168370414913,0.7064643799472295,0.03837471783295711,0.6737967914438503,1071,592,445,1663,30302418215,00:00:30,0.5,SYNONYMY,wiktionary_emb
CLASSES,0.6447922937989163,0.7064643799472295,0.03837471783295711,0.6742209631728046,1071,590,445,1661,-,-,0.5,SYNONYMY,wiktionary_emb
PROPERTIES,0.0,0.0,0.0,0.0,0,2,0,2,-,-,0.5,SYNONYMY,wiktionary_emb
INSTANCES,0.0,0.0,0.0,0.0,0,0,0,0,-,-,0.5,SYNONYMY,wiktionary_emb
