Type,Precision (P),Recall (R),Residual Recall (R+),F1,"# of TP","# of FP","# of FN","# of Correspondences",Time,Time (HH:MM:SS)
ALL,0.63668430335097,0.268801191362621,0.0045708481462671405,0.37801047120418846,722,412,1964,1217,49677073524,00:00:49,0.5,SYNONYMY,alod_emb
CLASSES,0.63668430335097,0.268801191362621,0.0045708481462671405,0.37801047120418846,722,412,1964,1217,-,-,0.5,SYNONYMY,alod_emb
PROPERTIES,0.0,0.0,0.0,0.0,0,0,0,0,-,-,0.5,SYNONYMY,alod_emb
INSTANCES,0.0,0.0,0.0,0.0,0,0,0,0,-,-,0.5,SYNONYMY,alod_emb
