Type,Precision (P),Recall (R),Residual Recall (R+),F1,"# of TP","# of FP","# of FN","# of Correspondences",Time,Time (HH:MM:SS)
ALL,0.46764408493427706,0.3443782576321668,0.10766886744540376,0.39665523156089194,925,1053,1761,2075,1168899142734,00:19:28,0.5,SYNONYMY,dbpedia_emb
CLASSES,0.46764408493427706,0.3443782576321668,0.10766886744540376,0.39665523156089194,925,1053,1761,2075,-,-,0.5,SYNONYMY,dbpedia_emb
PROPERTIES,0.0,0.0,0.0,0.0,0,0,0,0,-,-,0.5,SYNONYMY,dbpedia_emb
INSTANCES,0.0,0.0,0.0,0.0,0,0,0,0,-,-,0.5,SYNONYMY,dbpedia_emb
